No.	Answer	DocumentName 
1	"수술특약에서 치조골이식수술에 대한 보험금 지급여부 관련 약관 별표 ""수술분류표""에서 골이식 수술 제외(2007년)
약관상 2007년 이후 가입한 계약은 치조골이식수술에 대한 수술특약에서의 수술급여금 지급 제외
[수술분류표]
근골(筋骨)의 수술
[발정술(拔釘術) 등 내고정물 제거술은 제외함]
[치(齒) · 치은 ·치근(齒根) ·치조골(齒槽骨)의 처치, 임플란트(Implant) 등 치과 처치 및 수술에 수반하는 것은 제외함]"	docs/대구고등법원 2005. 9. 27. 선고 2004나3957(본소),2004나3964(반소) 판결.pdf.md + 관련 약관
2	"약관상 계약일로부터 2년 이내 자살시 보험금 지급 불가하나, 피보험자가 심신상실, 심신박약 으로 인하여 자살 한 경우 보험금 지급 가능함
판례 기준 : 업무로 인한 극도의 스트레스 등으로 자살한 경우도 보험금 부지급 예외 가능한지 판판

대법원 2011.4.28. 선고 2009다97772판결[보험금] [공2011상.1018]
대법원 2023.5.18. 선고 2022다238800판결[보험금] [공보불게제]
대법원 2021.2.4. 선고 2017다281367판결[보험금] [공2021상.479]

기사 : 매일경제 2024.06.05일자 기사 [대법 ""정신병력 없는 자살자도 상황에 따라 보험금 지급해야"" ]"	docs/대법원 2011. 4. 28. 선고 2009다97772 판결.pdf.md / docs/대법원 2023. 5. 18. 선고 2022다238800 판결.pdf.md / docs/대법원 2021. 2. 4. 선고 2017다281367 판결.pdf.md
3	"보험계약자는 보험증권을 받은 날부터 15일 이내에 보험계약의 청약을 철회할 수 있습니다. 계약자가 전화로신청하거나 철회 의사를 표시하기 위한 서명, 전자우편, 휴대전화 문자메시지 또는 이에 준하는 전자적 의사표시 등을 발송하여 청약 철회를 할 수 있으며, 계약자가 청약을 철회한 때에는 청약의 철회를 접수한 날부터 3영업일 이내에 납입한 보험료를 돌려 드립니다.
단, 청약한 날부터 30일(만 65세 이상인 계약자가 체결한 통신판매계약의 경우에는 45일)일 초과한 경우 또는 보험기간이 90일 이내인 계약 또는 전문금융소비자가 체결한 계약을 청약 철회가 불가합니다."	docs/300060_고객센터 청약철회 업무처리기준.docx.md
4	가입한 상품의 약관 규정에 따라 일반적으로 보장개시일은 회사가 보장을 개시하는날로서 계약이 성립되고 제1회 보험료를 받은 날을 말하나, 회사가 승낙하기 전이라도 청약과 함께 제1회 보험료를 받은 경우에는 제1회 보험료를 받은 날을 말합니다. 단, 해당 규정에도 불구하고 "암"및 일부 특정한 질병 보장에 대한 보장개시일은 계약일[부활(효력회복)의 경우 부활(효력회복)일]부터 그 날을 포함하여 90일이 지난 날의 다음날로 합니다.	docs/(무)종신보험표준형_20210101_약관.pdf.md
5	"해당 상품의 장래 경과기간별 책임준비금은 매 경과시점별로 장래의 위험률을 반영한 보험금 지급예상액의 현재가치 금액으로 산출한 값을 매 경과시점에서의 금액으로 산출 적립한 금액입니다.
기간이 경과할수록 위험률의 증가에 따라 매 경과시점별의 책임준비금이 커져 금액이 특정한 이율로 부리되는 것처럼 보일 수 있습니다. 그러나 해당 상품은 저축, 연금보험과 같이 납입한 보험료 중 일부 금액을 특정이율로 부리 적립하는 상품이 아닙니다."	docs/(무)종신보험표준형_20210101_약관.pdf.md
6	"보험계약이 소멸, 해지되는 경우, 소멸 또는 해지시점이후에는 보장을 받을 수 없습니다.
또한 보험계약체결 시점에 보험회사가 질문한 사항에 제대로 알리지 않아 계약전 알릴 의무를 소홀히 한 경우, 피보험자, 계약자 및 보험수익자가 고의로 피보험자를 해친 경우 및 뚜렸한 사기의사에 의하여 보험계약을 한 경우에는 보험금 지급이 제한 되거나 거절될 수 있습니다."	docs/무배당종신보험표준형_약관_060401.pdf.md 또는 docs/(무)종신보험표준형_20210101_약관.pdf.md
7	"1) 보험업법 제2조 중 관련 주요 규정
제2조(정의) 이 법에서 사용하는 용어의 뜻은 다음과 같다.
19. “전문보험계약자”란 보험계약에 관한 전문성, 자산규모 등에 비추어 보험계약의 내용을 이해하고 이행할 능력이 있는 자로서 다음 각 목의 어느 하나에 해당하는 자를 말한다. 다만, 전문보험계약자 중 대통령령으로 정하는 자가 일반보험계약자와 같은 대우를 받겠다는 의사를 보험회사에 서면으로 통지하는 경우 보험회사는 정당한 사유가 없으면 이에 동의하여야 하며, 보험회사가 동의한 경우에는 해당 보험계약자는 일반보험계약자로 본다.
  가. 국가
  나. 한국은행
  다. 대통령령으로 정하는 금융기관
  라. 주권상장법인
  마. 그 밖에 대통령령으로 정하는 자
20. “일반보험계약자”란 전문보험계약자가 아닌 보험계약자를 말한다."	docs/별첨1_약관 내용 중 법 관련 인용 조문_240610.pdf.md
8	"해약환급금은 책임준비금에서 미상각신계약비를 공제한 금액으로 산출합니다. 미상각신계약비는 납입기간과 7년 중 작은 기간 동안 공제하며 해당 기간 이후의 해약환급금은 책임준비금과 동일합니다.
다만, 책임준비금은 산출방법서의 정의에 따라 보험계약일 이후 매 경과시점별로 장래의 위험률은 반영한 보험금 지급예상액의 현재가치 금액으로 산출되며 이 금액은 납입한 보험료 누계액보다 적을 수 있습니다."	docs/(무)종신보험표준형_20210101_약관.pdf.md
9	"치매 진단(CDR척도 2점)으로 장해 등급을 받을 수는 있습니다. 이 경우 장해 지급률은 40% 입니다
다난, 주계약에서는 장해급여금에 대한 보장내용이 없으므로 보험기간 중 치매의 진단으로 장해급여금을 받을 수는 없습니다.
또한 재해장해특약에서의 장해급여금 지급사유는 ""재해를 원인으로""라고 되어 있어 치매의 발생을 재해로 볼 수 없음에 따라 재해장해특약에서도 재해장해급여금의 지급은 불가합니다."	docs/무배당종신보험표준형_약관_060401.pdf.md 또는 docs/(무)종신보험표준형_20210101_약관.pdf.md
10	"제13조【월대체보험료 공제】
① 월납계약의 경우 보험료 납입경과기간 2년(24회 납입)까지는 해당월 기본보험료(특약이 부가된 경우 특약보험료 포함) 납입시에 월대체보험료를 공제하며 보험료 납입경과기간 2년(24회 납입) 이후에는 매월 계약해당일에 해약환급금(보험계약대출원리금을 차감한 금액 기준)에서 월대체보험료를 공제합니다. 단, 보험료 납입경과기간 2년(24회 납입) 이내에도 해당월 기본 보험료 (특약이 부가된 경우 특약보험료 포함)를 해당월 계약해당일 이전에 납입한 경우에는 월대체보험료를 해당월 계약해당일에 계약자적립금에서 공제합니다."	약관_(무)신한유니버설종신보험_080312.pdf
11	"납입하는 보험료를 줄이는 방법은 약관의 규정에 따라 1. 보험가입금액을 감액 또는 기본보험료의 감액 과 2. 유니버설종신보험의 특성에 따른 자유납을 활용하는 방법이 있습니다.
1. 보험가입금액을 감액하는 경우, 감액 시점 이후부터 감액된 가입금액에 따른 낮아진 보험료를 납입기간 동안 납입할 수 있습니다.
2. 유니버설종신보험은 의무납입기간 이후에는 납입하는 보험료 수준을 자유롭게 정하여 납입하거나 월대체를 활용하여 보험료를 납입하지 아니할 수 있습니다. 단, 이러한 경우 계약자적립액이 감소하게 되어 계약이 해지될 수 있습니다."	약관_(무)신한유니버설종신보험_080312.pdf
12	유니버설종신보험에서 보험료를 납입하지 않고 월대체를 하게 되면 회사는 계약자적립액에서 월대체공제 금액을 매월 공제합니다. 따라서 계약자적립액은 매월 감소할 수 있습니다. 이러한 경우 장래 계약자적립액이 소진되어 약관의 규정에 따라 계약이 해지될 수 있습니다.	약관_(무)신한유니버설종신보험_080312.pdf
13	계약자는 의무납입기간 이내에는 기본보험료(20만원)을 납입하여야 하며, 의무납입기간 이후부터는 해약환급금(보험계약대출 원리금을 차감한 금액 기준)에서 월대체보험료를 충당할 수 있을 경우 기본보험료를 납입하지 않거나 자유롭게 납입할 수 있습니다.	약관_(무)신한유니버설종신보험_080312.pdf
14	"신한유니버설종신보험의 사망보험금은 사망한 때의 아래 2개의 각각 산출된 금액을 더하여 지급합니다.
 사망보험금 : 기본보험금액 + 변동보험금액
 주) 기본보험금액은 기본사망보험금과 이니 납입한 보험료(단, 특약보험료는 제외) 그리고 주계약적립금의 110% 금액 중 가장 근 금액을 말합니다.
      변동보험금액은 계약자적립금과 예정최저적립금과의 차이에 의하여 증감되는 보험금액으로 유효한 보험계약에 대하여 매월 계약해당일마다 계산하여 다음 월단위 계약해당일까지 1개월간 확정 적용합니다."	약관_(무)신한유니버설종신보험_080312.pdf
15	"계약자는 계약일 이후 계약이 소멸하기 전에 언제든지 해약을 할 수 있으며, 회사는 이 때 보험료 및 책임준비금 산출방법서에 따라 계산된 해약환급금을 지급합니다. 해약환급금은 납입한 보험료 중 월 공제액을 제외한 저축보험료(=적립부분순보험료)를 이 상품의 공시이율을 적용하여 계약자적립액을 산출합니다. 이 때 공시이율이 변경될 경우에는 변경된 날부터 변경된 공시이율을 기준으로 적용합니다.
가입당시 제공한 해약환급금 예시표는 가입당시 적용중이던 공시이율이 장래 변동이 없는 가정하에 산출한 안내표이며, 실제의 해약환급금은 약관의 규정에 따라 공시이율이 변경된 경우 변경된 공시이율을 적용하므로 실제의 해약환급금은 제공된 예시표와 다를 수 있습니다."	약관_(무)신한유니버설종신보험_080312.pdf
16	"③ 제2항에 따라 보험가입금액을 감액한 경우 기본보험금액의 계산시 적용하는 “이미 납입한 보험료”는 다음과 같습니다.
감액이후의 「이미 납입한보험료」
= 감액직전 이미 납입한 보험료 × 감액후 계약자적립금 / 감액전계약자적립금
㈜「감액직전 이미 납입한 보험료」는 해당 감액전 중도인출 및 감액이 발생한 경우 제35조(계약자적립금의 인출) 제2항 및 상기 방법에 따라 계산된 이미 납입한 보험료를 말합니다.
 "	약관_(무)신한유니버설종신보험_080312.pdf
17	"해약환급금 지급사유가 발생한 날의 다음날부터 해약환급금 청구일까지의 기간에 따라
1년이내 : 공시이율의 50%
1년초과기간 : 1%
연단리 복리리 일자계산하여 지급합니다."	약관_(무)신한유니버설종신보험_080312.pdf
18	"선납보험료는 납입경과 기간 2년이내에 한하여 기본보험료(특약이 부과된 경우 특약보험료 포함)의 배수로 선납이 가능하며 최대 23개월분 까지  선납이 가능합니다.
선납보험료는 보험료 납입일부터 이계약의 공시이율로 부리 적립하고 해당 월계약 해당일에 해약환급금에서 월대체 보험료를 공제합니다.
 "	약관_(무)신한유니버설종신보험_다른 파일에 있는 내용일듯
19	종신형 연금 지급개시후 보증지급기간(10회 15회 20회) 동안 연금액을 보증지급하며, 보증지급기간(10회 15회 20회) 안에 피보험자(보험대상자) 사망시에는 보증지급기간까지의 미지급된 연금액을 연금지급일에 지급하거나, 보증지급기간 중 잔여기간동안의 연금액을 선지급 할 수 있습니다	docs/약관_무배당연금보험프리스타일_20130401_v3.0.pdf.md
20	생존연금의 계산은 “이 계약의 약관대출이율 - 1.5%”를 적용하여 계산되므로 이 계약의 약관 대출이율이 변경되면 생존연금액도 변경됩니다. 	docs/약관_무배당연금보험프리스타일_20130401_v3.0.pdf.md
21	"①이 특약의 보험료는 주계약의 보험계약일부터 1년 이상 경과한 경우에 계약자의 신청에 의하여 주계약의 보험료 납입기간동안 주계약 보험료에 추가하여 계속 납입하기로 한 증액된 부분의 보험료(이하 “증액보험료”라 합니다)를 말합니다.
① 이 특약의 보험기간은 주계약의 제1보험기간과 동일합니다.
②이 특약의 보험료는 주계약의 보험료 납입기간 중에 주계약의 보험료와 함께 납입하여야 하며 주계약의 보험료를 선납하는 경우에도 또한 같습니다.
"	docs/약관_무배당연금보험프리스타일_20130401_v3.0.pdf.md
22	"①일반계정
   보험업법에서 규정하고 있는 계약을 제외한 계약에서 계약자가 납입한 보험료를 회계 처리하기 위한 계정을 말하며, 회사는 특별계정과 
   구분하여 자산을 관리하고 회계처리합니다.

② 특별계정
    준비금에 상당하는 자산의 전부 또는 일부를 기타자산과 구별하여 이용하기 위한 계정을 말합니다."	docs/무배당파워변액유니버설종신보험_약관_100401_주계약_변경.pdf.md
23	"(펀드자동재배분)
펀드자동재배분이라함은 일정 주기마다 펀드별 계약자 적립금을 고객이 선택한 편입비율로 재배분하는 옵션을 말합니다.
예를 들어 3개월 주기 펀드자동재배분, A펀드 50% + B펀드 50%선택한 경우에는 매3개월마다 계약자 적립금 총액을 기준으로 A펀드와 B펀드에 계약자 적립금을 50% : 50%의 비율로 각각 배분하게 됩니다.

-> 질문에 대한 확대 답변 포함
   (펀드의 선택 -> 펀드 재배분)"	docs/무배당파워변액유니버설종신보험_약관_100401_주계약_변경.pdf.md
24	"보험기간중 피보험자(보험대상자)가 사망하거나 장해분류표 중 동일한 재해 또는 재해이외의 동일한 원인으로 여러 신체부위의 장해지급률을 더하여 80%이상인 장해상태가 되었을 경우
▶ 기본보험금액 + 가산보험금액 지급합니다.

-> 제공자료의 사망보험금
   (다음 중 가장 큰 금액을 지급)
    - 기본보험금액
    - 계약자적립금 ×  105%
    - 이미 납입한 보험료"	docs/무배당파워변액유니버설종신보험_약관_100401_주계약_변경.pdf.md
25	"신한THE착한연금미리받을수있는종신보험은 보장성 상품으로 저축성 상품처럼 납입보험료에서 일정액을 공제하고 공시이율로 부리하는 상품이 아닙니다, 따라서 보장성보험은 저축성 보험처럼 위험보험료를 별도로 산출하지 않습니다
신한THE착한연금미리받을수있는종신보험의 기초서류(산출방법서)에 의하여 장래의 위험에 대비하기 위하여 매 경과년도별로 별도의 적립금(책임준비금)을 산출하여 적립하고 해당 책임준비금으로 계약을 해약할 경우 해약환급금을 계산하여 지급합니다."	docs/신한THE착한연금미리받을수있는종신보험(무배당, 저해지환급형)_사업방법서_161004.pdf.md
26	"가. 저해지환급형(50%형 및 70%형)은 “저해지환급형” 상품으로 보험료 납입기간중 계약이 해지될 경우 일반형(100%형)의 해지환급금 대비 적은 해지환급금을 지급하는 대신 일반형(100%형)보다 저렴한 보험료로 종신보험을 가입할수 있도록 한 상품이다.
나. “가.”에서 해지환급금을 계산할 때 기준이 되는 일반형(100%형)의 해지환급금 은 “보험료 및 책임준비금 산출방법서”에서 정한 방법에 따라 산출된 금액으로 해지율을 적용하지 않고 계산한다.
다. 저해지환급형(50%형 및 70%형)의 계약이 보험료 납입기간 중 해지될 경우의 해지환급금은 50%형의 경우 일반형(100%형) 해지환급금의 
50%에 해당하는 금액으로 하며, 70%형의 경우 일반형(100%형) 해지환급금의 70%에 해당하는 금액으로 한다. 다만, 보험료 납입기간이 완료된 이후 계약이 해지되는 경우에는 일반형(100%형)의 해지환급금과 동일하며 납입되지 않은 보험료가 있는 경우 매월 계약해당일에 정상적으로 보험료가 납입되었을 때의 해지환급금에서 납입되지 않은 보험료를 차감하여 지급한다.
"	docs/신한THE착한연금미리받을수있는종신보험(무배당, 저해지환급형)_사업방법서_161004.pdf.md + docs/신한THE착한연금미리받을수있는종신보험(무배당, 저해지환급형)_약관_161004.pdf.md
27	"가. 연금전환특약의 연금액은 전환일 현재 피보험자의 나이에 의하여 계산한다.
나. 연금전환특약은 전환전계약 가입시의 약관 및 보험요율을 적용한다.다만, 종신연금형의 경우 연금전환시 연금생명표 개정 등에 따라 가입당시 연금생명표로 계산한 연금액보다 연금전환당시 연금생명표로 계산한 연금액이더 큰 경우에는 연금전환 당시의 연금생명표를 기준으로 산출한 연금액을 지급한다. 이 경우 회사는 계약자가 연금전환을 신청하였을 때 연금액 변동내역 및 연금지급형태 선택방법 등을 안내한다.
"	docs/신한THE착한연금미리받을수있는종신보험(무배당, 저해지환급형)_약관_161004.pdf.md
28	완납이후에는 납입후 유지비만 공제되며, 매년 보험가입금액 * 0.25/1000으로 공제됩니다.	docs/무배당종신보험_사업방법서_060401.doc.md
29	계약자는 실효된 날부터 2년 이내에 계약의 부활(효력회복)을 청약할 수 있으며, 회사가 이를 승낙한 때에는 부활(효력회복)을 청약한 날까지의 연체된 보험료에 이 계약의 예정이율+1% 범위 내에서 이 보험에 대해 회사가 정하는 이율로 계산한 금액을 더하여 납입하여야 합니다.	docs/무배당종신보험표준형_약관_060401.pdf.md
30	3개월 이상의 보험료를 선납시 할인이 적용되며, 할인율은 예정이율로 합니다.	무배당종신보험_사업방법서_060401.doc
31	"보험계약자가 연금계약으로 전환시, 회사는 주계약 가입당시 “사업방법서, 약관, 보험료 및 책임준비금 산출방법서와 보험요율[연금사망률, 계약관리비용, 가입당시 산출기준에 따른 공시이율(최저보증이율 포함)]을 기준으로 연금액을 계산하여 지급합니다.
"	docs/약관_신한진심을품은변액유니버설종신보험(무배당)_20220401_v1.0.pdf.md
32	"계약자적립금의 인출시 인출금액은 「인출신청일 + 제2영업일」 의 기준가격을 적용하여 계약자적립금에서 차감되며, 지급됩니다. 계약자적립금의 인출은 추가납입보험료에 의한 계약자적립금에서 우선적으로 가능하며, 추가납입보험료에 의한 계약자적립금이 부족한 경우에 한하여 기본보험료에 의한 계약자적립금에서 인출이 가능합니다.
"	docs/약관_신한진심을품은변액유니버설종신보험(무배당)_20220401_v1.0.pdf.md
33	월대체보험료는 매월 계약해당일에 해지환급금(단, 보험계약대출의 원금과 이자를 차감한 금액으로 특약의 해지환급금은 제외된 금액)에서 공제하며, 계약관리비용 중 기타비용은 기본보험료(특약이 부가된 경우 특약보험료 포함) 납입시에 공제합니다.	docs/약관_신한진심을품은변액유니버설종신보험(무배당)_20220401_v1.0.pdf.md
34	"납입일시중지기간동안 계약유지를 위해 납입일시중지 월공제액을 월계약해당일에 적립액에서 공제합니다.
납입일시중지기간은 월계약해당일에 해지환급금(보험계약대출원리금을 차감한 금액 기준)에서 해당월의 위험보험료와 부가보험료(수금비 제외) 및 특약이 부가된 경우 특약보험료(수금비 제외)의 합계액(이하 “납입일시중지 월공제액”이라 합니다)의 공제가 가능한 기간 이내로 하고, 보험료 납입일시중지를 신청시 1회 3개월 단위로 납입중지횟수를 선택하여야 하며, 최대 12회(36개월)까지 선택 가능합니다. "	docs/약관_(무)S-MORE신한저축보험_110601.pdf.md
35	적립액의 일부를 인출하기 위해서는 인출 후 적립액이 월납의 경우에는 월납 기본보험료의 500%와 300만원 중 적은 금액 미만, 일시납의 경우에는 일시납 기본보험료의 10%미만이 되지 않아야 합니다.	docs/약관_(무)S-MORE신한저축보험_110601.pdf.md
36	지급기일의 다음날부터 보험금 지급일까지의 기간 : 이 보험의 보험계약대출이율로 연 단위 복리로 계산되며, 소멸시효(약관)가 완성된 3년이후에는 지급하지 않습니다.	docs/약관_(무)S-MORE신한저축보험_110601.pdf.md
37	"주계약 보장내용
- 재해장해급여금 : 보험기간 중 피보험자가 재해를 직접적인 원인으로 장해분류표에서 정한 장해지급률 중 3%이상 100%이하에 해당하는 장해상태가 되었을 때
- 보험료 납입기간 중 피보험자가 「장해분류표 중 동일한 재해 또는 재해이외의 동일한 원인으로 여러 신체부위의 장해지급률을 더하여 50%이상인 장해상태」가 되었을 경우에는 차회 이후의 보험료 납입을 면제함
- 보험기간 중 피보험자가 사망하였을 경우에는 이 계약은 그때부터 효력이 없음. 다만, 보험기간 중 피보험자가 사망한 경우에는 산출방법서에서 정하는 바에 따라 회사가 적립한 사망당시의 계약자적립액을 계약자에게 지급함"	판매약관_신한큐브종합건강상해보험(무배당_해약환급금_미지급형)_230404.pdf.md
38	"해약환급금 미지급형 가입시
- 보험료 납입기간 중 계약을 해지할 경우 해약환급금은 없습니다.
- 다만, 보험료 납입기간이 완료된 이후에 해지될 경우에는 ""일반형"" 대비 해약환급금이 적은 대신 ""일반형""보다 낮은 보험료로 가입할 수 있도록 한 상품입니다.

나. 해약환급금
(1) 납입후환급률연동형
  - 납입기간 중


  - 납입기간 후



    다만, ○ 은 ‘2.1. 시산보험료 산출에 관한 사항’ ‘납입후환급률연동형’의 영업보험료
         ○ 은 ‘2.1. 시산보험료 산출에 관한 사항’ 참조"	판매약관_신한큐브종합건강상해보험(무배당_해약환급금_미지급형)_230404.pdf.md
39	"제35조【계약자적립금의 인출】
① 계약자는 일시납계약의 경우는 보험계약 성립일 이후 월납계약은 보험료 납입경과기간 2년(24회 납입) 이후부터 보험기간 중에 회사가 정한 기준에 따라 해약환급금(보험계약대출원리금을 차감한 금액 기준)의 50% 범위 내(단, 계약자적립금의 인출로 인하여 장래의 월대체보험료를 충당할 수 없는 경우에는 계약자적립금의 인출이 불가능합니다)에서 계약자적립금을 보험년도 기준 년12회까지 인출할 수 있으며, 인출시 수수료는 인출금액의 0.2%와 2,000원 중 작은 금액으로 합니다. 단, 총 인출금액은 계약자가 실제 납입한  기본보험료 총액을 초과할 수 없습니다.

제15조【보험금액】
① 보험금액은 보험금의 지급사유가 발생한 날의 기본보험금액과 변동보험금액의 합계액으로 합니다. 
② 제1항의 기본보험금액은 기본사망보험금과 이미 납입한 보험료 그리고 계약자적립금의 110% 금액 중 가장 큰 금액으로 합니다.
③ 제2항의 기본사망보험금은 보험가입금액에서 중도인출금액을 차감하고 추가납입보험료를 합산한 금액으로서, 보험가입금액을 최고한도로 합니다."	docs/약관_(무)신한유니버설종신보험_080312.pdf.md
40	"회사는 계약자가 제1항 제2호에 따라 보험가입금액을 감액하고자 할 때에는 그 감액된 부분은 해지된 것으로 봅니다. 이로써 회사가 지급하여야 할 해약환급금이 있을 때에는 제32조(해약환급금) 제1항에 따른 해약환급금을 계약자에게 지급합니다
[보험가입금액의 감액에 관한 사항]
보험가입금액을 감액할 때에는 감액된 부분은 해지된 것으로 보고 다음 공식에 의하여 산출된 금액을 계약자에게 지급함
지급액 = 
    "	docs/000.주계약약관_(355간편)신한통합건강보장보험원(ONE)(무배당, 해약환급금 미지급형)_20240101_v0.2.pdf.md
41	"주계약은 납입면제가 없습니다. 다만, 이 주계약의 보험료를 납입면제 할수 있는 특약을 가입한 경우, 보험료 납입기간 중 피보험자가 해당 특약에서 정하는 기준에 따라 납입면제 사유에 해당되는 경우에는 차회 이후 주계약의 보험료 납입을 면제합니다.
자세한 납입면제 특약의 요건은 해당 약관을 참조하시기 바랍니다"	docs/000.주계약약관_(355간편)신한통합건강보장보험원(ONE)(무배당, 해약환급금 미지급형)_20240101_v0.2.pdf.md
42	생활자금지급기간 중 해지 및 기타사유에 따라 계약이 더 이상 효력이 없는 경우 또는 피보험자가 사망하였을 경우에는 그 때부터 생활자금 선지급은 종료됩니다. 다만, 사망보험금 지급사유 발생 이후에 생활자금이 지급된 경우에는 회사가 지급할 사망보험금에서 해당 생활자금을 차감하고 지급합니다	docs/005.약관_신한라이프놀라운종신보험(무배당, 해약환급금 일부지급형)_20240401_v0.5_중복삭제_맞춤형약관제작.pdf.md
43	"해지환급금 일부지급형의 계약은 보험료 납입기간 중 해지될 경우 해지환급금은 일반형 해지환급금의 50%에 해당하는 금액으로 합니다.
* 다만, 보험료 납입기간이 완료된 이후 계약이 해지되는 경우에는 일반형의 해지환급금과 동일하며 납입되지 않은 기본보험료가 있는 경우 매월 계약해당일에 정상적으로 보험료가 납입되었을 때의 해지환급금에서 납입되지 않은 보험료를 차감하여 지급합니다."	docs/005.약관_신한라이프놀라운종신보험(무배당, 해약환급금 일부지급형)_20240401_v0.5_중복삭제_맞춤형약관제작.pdf.md
44	"피보험자가 보험기간 중 “암보장개시일” 전일 이전에 “암”으로 진단 확정된 경우 계약자는 진단일부터 그 날을 포함하여 90일 이내에 이 계약을 취소할 수 있으며, 계약자가 취소할 경우 이 계약은 그 때부터 효력이 없습니다. 이 경우 회사는 계약자에게 실제 납입한 보험료 누계액(다만, “인출 및 감액 등으로 회사가 실제 지급한 금액”을 차감한 금액)을 돌려드립니다.
위 항에도 불구하고 계약자가 계약의 취소를 선택하지 않은 때에는 계약일 [부활(효력회복)일]부터 “암보장개시일” 전일 이전에 진단 확정된 “암”과 동일하거나 다른 신체기관에 재발 또는 전이되어 “암”으로 진단확정된 경우라도 회사는 보험금 지급 및 보험료의 납입을 면제하지 않습니다. 다만, 계약일 [부활(효력회복)일]부터 “암보장개시일” 전일 이전에 “암”으로 진단확정 되더라도 “암보장개시일”부터 5년을 지나는 동안 그 암으로 인하여 추가적인 진단(단순 건강검진 제외) 또는 치료사실이 없을 경우, “암보장개시일”부터 5년이 지난 이후에는 이 약관에 따라 보장합니다.
「“암보장개시일”부터 5년이 지나는 동안」이라 함은 약관[보험료의 납입이 연체되는 경우 납입최고(독촉)와 계약의 해지]에서 정한 계약의 해지가 발생하지 않은 경우를 말합니다."	docs/005.약관_신한라이프놀라운종신보험(무배당, 해약환급금 일부지급형)_20240401_v0.5_중복삭제_맞춤형약관제작.pdf.md
45	보험료납입연체로 계약이 해지되었으나 해지환급금을 받지 않는 경우 계약자는 날부터 3년 이내에 회사가 정한 절차에 따라 계약의 부활(효력회복)을 청약할 수 있습니다.	docs/005.약관_신한라이프놀라운종신보험(무배당, 해약환급금 일부지급형)_20240401_v0.5_중복삭제_맞춤형약관제작.pdf.md
46	"신한유니버설종신보험은 2년 이후에는 매월 계약해당일에 해약환급금에서 월대체보험료를 공제합니다.
보험료의 납입이 없이 지속적인 월대체를 할 경우 계약자적립액 또는 해약환급금이 계속 감소하게 되어 해약환급금이 월대체보험료를 충당할 수 없게 된 경우 월계약해당일의 다음날부터 그 월계약해당일이 속하는 달의 다음 달 말일까지를 납입최고(독촉)기간으로 하여 안내합니다.
납입최고(독촉)기간이 끝나는 날까지 기본보험료(특약이 부가된 경우 특약ㄷ보험료 포함) 또는 추가납입보험료가 납입되지 않은 경우 납입최고(독촉)기간이 끝나는 날의 다음 날부터 계약이 해지될 수 있습니다."	docs/005.약관_신한라이프놀라운종신보험(무배당, 해약환급금 일부지급형)_20240401_v0.5_중복삭제_맞춤형약관제작.pdf.md
47	"유방암은 해당 상품에서 ""암""에 해당하므로 약관 제3조 및 부표1'보험금 지급기준표'에 따라 건강진단보험금을 받을 수 있습니다.
또한 암의 진단으로 인하여 차회 이후의 보험료 납입을 면제합니다."	docs/005.약관_신한라이프놀라운종신보험(무배당, 해약환급금 일부지급형)_20240401_v0.5_중복삭제_맞춤형약관제작.pdf.md
48	"① 계약자는 제26조[보험료의 납입이 연체되는 경우 납입최고(독촉)와 계약의 해지]에 따른 보험료의 납입최고(독촉)기간이 지나기 전까지 회사가 정한 방법에 따라 보험료의 자동대출납입을 신청할 수 있으며, 이 경우 제33조(보험계약대출) 제1항에 따른 보험계약대출금으로 보험료가 자동으로 납입되어 계약은 유효하게 지속됩니다. 다만, 계약자가 서면 이외에 인터넷 또는 전화(음성녹음) 등으로 자동대출납입을 신청할 경우 회사는 자동대출납입 신청내역을 서면 또는 전화(음성녹음) 등으로 계약자에게 알려 드립니다.
② 1항에도 불구하고 보험계약대출의 원금과 이자를 더한 금액이 해약환급금(해당 보험료가 납입된 것으로 계산한 금액을 말합니다)을 초과하는 때에는 보험료의 자동대출납입을 더는 할 수 없습니다.
③ 제1항 및 제2항에 따른 자동대출납입기간은 최초 자동대출납입일부터 1년을 한도로 하며, 그 이후의 기간에 대한 자동대출납입을 위해서는 제1항에 따라 재신청을 하여야 합니다."	docs/005.약관_신한라이프놀라운종신보험(무배당, 해약환급금 일부지급형)_20240401_v0.5_중복삭제_맞춤형약관제작.pdf.md
49	"1) 두 다리의 발목 이상을 잃었을 때                                                                    100
2) 한 다리의 발목 이상을 잃었을 때                                                                      60
3) 한 다리의 3대 관절 중 관절 하나의 기능을 완전히 잃었을 때                                    30
4) 한 다리의 3대 관절 중 관절 하나의 기능에 심한 장해를 남긴 때                                20
5) 한 다리의 3대 관절 중 관절 하나의 기능에 뚜렷한 장해를 남긴 때                             10
6) 한 다리의 3대 관절 중 관절 하나의 기능에 약간의 장해를 남긴 때                               5
7) 한 다리에 가관절이 남아 뚜렷한 장해를 남긴 때                                                    20
8) 한 다리에 가관절이 남아 약간의 장해를 남긴 때                                                    10
9) 한 다리의 뼈에 기형을 남긴 때                                                                           5
10) 한 다리가 5cm 이상 짧아지거나 길어진 때                                                          30
11) 한 다리가 3cm 이상 짧아지거나 길어진 때                                                          15
12) 한 다리가 1cm 이상 짧아지거나 길어진 때                                                           5"	판매약관_신한큐브종합건강상해보험(무배당_해약환급금_미지급형)_230404.pdf.md
50	"국내고배당주식형

---> 해당 펀드 포함 답변 시 정답"	docs/약관_신한진심을품은변액유니버설종신보험(무배당)_20220401_v1.0.pdf.md
51	회사는 자본시장과금융투자업에 관한 법률 제188조에 따라 보수, 그 밖의 수수료와 동업 시행령 제265조에 따라 회계감사비용, 채권평가비용 및 유가증권 매매수수료 등을 특별계정 자산에서 인출하여 부담합니다.	docs/약관_신한진심을품은변액유니버설종신보험(무배당)_20220401_v1.0.pdf.md
52	"건강보험진료통계-다빈도상병별현황_2022.xlsx

1727369"	건강보험진료통계-다빈도상병별현황_2022.xlsx
53	"건강보험진료통계-입원외래별청구현황_2022.xlsx

꾸준히 증가중이라는 내용이 포함되면 됨
요양급여비용 전체인지 입원인지 특정하지 않았으므로 전체가 정답"	건강보험진료통계-다빈도상병별현황_2022.xlsx
54	"300138_라이프앱가능업무.docx

신한SOL라이프앱 한도증액은 신한SOL라이프앱 전체메뉴에서 
고객정보관리 선택하고  내 계약관리 선택해서  출금한도변경신청 메뉴에서 신청 하시면 됩니다.
한도증액시에는 보안매체1(타기관OTP 또는 모바일OTP)와
신분증이 필요합니다.

보안매체를 보유하고 있는경우는 지급업무 출금한도를 
일/월 최대 5억 까지 증액 가능합니다.
보안매체가 없는경우에는 지급업무 출금한도를
일/월 최대 3천만원까지 증액 가능합니다."	300138_라이프앱가능업무.docx
55	"300138_라이프앱가능업무.docx

지급금액별 인증방법은 
3천만원 이하시에는 신한라이프인증 전자서명이 필요하고,
공동인증서, 금융인증서, 신한SIGN인증, 카카오인증서 중 한가지 인증후 SMS인증이 필요합니다.

3천만원초과 1억원 이하시에는 신한라이프인증 전자서명하고
공동인증서, 금융인증서, 신한SIGN인증, 카카오인증서 중 한가지 인증후 모바일OTP나 타기관OTP 중 선택하여 
추가인증후에 SMS인증이 필요합니다.

1억원초과시에는 신한라이프인증 전자서명하고
공동인증서, 금융인증서, 신한SIGN인증, 카카오인증서 중 한가지 인증후 모바일OTP나 타기관OTP 중 선택하여 
추가인증후에 SMS인증과 신분증인증이 필요합니다.

(BEST)
신분증은 운전면허증, 주민등록증, 외국인등록증 이 
가능하며 사진촬영하여 인증하게 됩니다."	300138_라이프앱가능업무.docx
56	"300233_계약관계자변경.docx

우편접수와 내방하여 변경처리가 가능합니다.
우편접수시에는
① 계약내용변경.정정신청서
(중간생략)
상속인 전원 서류 검토 후 유선녹취여부 판단 후 진행결정되고,  본인서명사실확인서 첨부 시에는 신청서상 서명과 동일한 서명이어야 하며 필수적으로 '회사명, 용도' 정확히 기재되어야합니다.
내방접수시에는
① 내방하는 대표계약자 신분증 지참
(중간생략)
계약관계자 (변경전/후 계약자, 피보험자) 중 미성년자가 포함 되어 있는 계약은 ① 미성년자의 친권자 부/모 인감증명서+인감도장 또는 본인서명사실확인서+서명
 ② 미성년자 기준의 기본증명서(상세)+가족관계증명서(상세)
    ■ 친권자 중 2007.12.31. 이전에 사망한 경우 제적등본 추가 필요하며, 
미내방 상속인 전원 유선녹취가 필요합니다.
본인서명사실확인서 첨부 시 신청서상 서명 동일 및 필수적으로 '회사명, 용도, 수임인'이 정확히 기재 해야하며, 
당사 양식인 계약내용변경정정신청서에 본인서명사실확인서와 동일한 서명으로 미리 작성해야 합니다."	300233_계약관계자변경.docx
57	"300233_계약관계자변경.docx

변경 전후 계약자와 피보험자가 모두 방문시에는 
신분증지참하시면 되고, 
피보험자가 미성년자인 경우는 미성년자 기준 상세기본증명서와 상세 가족관계증명서를 지참하시면 됩니다.

변경전계약자만 방문시에는
(중간생략)

변경후계약자가 방문시에는
(중간생략)

대리인이 내방시에는
(이하생략)"	300233_계약관계자변경.docx
58	"300200_법인계약 고객센터 상담 기준.docx

네 가능합니다.
자동이체 계좌 변경시에는 사업자등록증 사본, 담당자 신분증사본과 재직증명서와 자동이체 통장사본이 필요합니다.

재직증명서는 명함 또는 건강보험증으로 대체가 가능하고
통장사본을 보내실때에는 변경대상건의 인적사항과 
계약사항을 기재하시고 제출하셔야 합니다.

자동이체 통장사본이 개인사업자계좌로 등록시에는 개설할때 등록한 주민번호 또는 사업자번호로 등록 가능하며,

자동이체 해지시에는 계약건과 계좌번호를 유선확인후 해지처리가 가능합니다. 
이때 통장사본은 팩스로 수신하지 않아도 됩니다."	300200_법인계약 고객센터 상담 기준.docx
59	"300197_제지급_우편.docx

법정대리인이 내방하거나 우편접수,FC접수로 업무가 가능합니다.

법정대리인은 친권자 또는 미성년후견인으로 내방시

500만원 이하일때에는 내방한 법정대리인 신분증지참, 미성년자 계좌 또는 법정대리인 계좌로 수령하여야 하며, 친권자인경우는 미성년자기준 기본증명서(상세)와 미성년자기준 가족관계증명서 상세,  후견인인경우는 후견인등재된 미성년자기준 기본증명서 상세와 법원결정문 정본을 지참하셔야 하며, 미내방친권자는 녹취확인 하여야 합니다.

500만원 초과시에는
500만원 이하일때에는 내방한 법정대리인 신분증지참, 미성년자 계좌 또는 법정대리인 계좌로 수령하여야 하며, 친권자인경우는 미성년자기준 기본증명서(상세)와 미성년자기준 가족관계증명서 상세,  후견인인경우는 후견인등재된 미성년자기준 기본증명서 상세와 법원결정문 정본을 지참하셔야 하며,  미내방 친권자의 자필작성과 인감날인된 위임장과 인감증명서 또는  자필작성과 서명이된 위임장과 본인서명사실확인서를 지참하여야 하고 미내방친권자의 녹취확인 하여야 합니다.

우편접수시에는 (이하생략)"	300197_제지급_우편.docx
60	"301125_해약방어상담매뉴얼.docx

해약방어 제외대상은 
다건고객(24회이하 & 25회이상 계약) 이면서 수금FC가 동일건은 전건 점포고객터치건,
지점 콜백을 통한 해약요청건,
해약 요청시 해약사유가 당사 재가입인 경우(신규청약이 있는 경우 청약철회일까지 대상제외),
해약방어 접수관련 불만고객 또는 사전예방 접수고객, 
설계사 가족계약 건으로 수금방법이 설계사 급여이체인 경우, 
당사 임직원 및 설계사 계약, 
금융정보보호 대상 고객,
분납부활 진행 건, 
압류, 파산, 개인회생, 신용회복 등의 사유로 인한 해약 시, 
외국인 본국 귀국 시,
이혼관련 해약시,
지급정지 Y인 계약,
이민한 경우 입니다."	301125_해약방어상담매뉴얼.docx
61	"300060_고객센터 청약철회 업무처리기준.docx

청약한 날 또는 1회보험료 납입일로부터 30일 이내입니다

청약철회 종료일이 주말 및 공휴일인 경우 익영업일까지
처리가 가능하며, 

통신판매 및 인터넷 직접 가입건에 한하여 계약자가 만 65세이상인 경우는 45일이내에 청약철회 가능합니다.

단, 당일계약건은 고객센터에서 처리불가하며 지점에서 청약취소로 가능합니다."	301125_해약방어상담매뉴얼.docx
62	"301221_DB사업그룹 제휴채널 조직 현황.docx

영업지원파트장은 정주현 입니다"	301125_해약방어상담매뉴얼.docx
63	"300155_고객센터 FC변경 접수방법.docx OR
300060_고객센터 청약철회 업무처리기준.docx

접수시: 유지> 수금관리> 수금사원(FC)변경관련 불편사항, 대표증번의 수금지점으로 자동반영되며,

고객센터는 고객요청 사항을 접수만 가능, VOC등록 후 업무는 VOC처리기관에서 진행됨을 안내 바랍니다.

VOC 접수시, FC변경 접수 가능한 계약은 FC변경 먼저 입력하고 접수 불가한 계약만 VOC 등록 바랍니다."	"300155_고객센터 FC변경 접수방법.docx OR
300060_고객센터 청약철회 업무처리기준.docx"
64	"300227_계약사항 변경 업무기준 요약표.docx

특약보험료를 제외한 직전 보험년도 평균납입보험료의 30% 이내에서 증액이 가능하며, 
월보험료 최대 100만원 한도이며,  2004.2.8일 이전계약은 별도 증액한도가 없으며, 2004.2.9~2011.3.31일까지 계약은 주계약보험료의 100% 까지 증액 가능합니다."	300227_계약사항 변경 업무기준 요약표.docx

